{
  "model": "hgb",
  "positive_class_weight": 8.0,
  "calibration": "isotonic_on_val",
  "threshold_tuned_on_val": 0.35,
  "val_far_cap": 3.0,
  "relabel_window_days": 60,
  "excluded_features": [
    "days_to_event",
    "robust_vel_z",
    "robust_accel_z"
  ],
  "train": {
    "precision": 0.8594202898550725,
    "recall": 0.9081163859111792,
    "f1": 0.8830975428145942,
    "false_alarms_per_year": 5.5520088057237205,
    "n": 3123,
    "positives": 1306
  },
  "val": {
    "precision": 0.9866071428571429,
    "recall": 0.8947368421052632,
    "f1": 0.9384288747346072,
    "false_alarms_per_year": 0.4406779661016949,
    "n": 601,
    "positives": 247
  },
  "test": {
    "precision": 0.7038461538461539,
    "recall": 0.71484375,
    "f1": 0.7093023255813954,
    "false_alarms_per_year": 10.359637774902975,
    "n": 1285,
    "positives": 512
  },
  "feature_columns": [
    "disp_mm",
    "cum_settlement_mm",
    "vel_mm_day",
    "acc_mm_day2",
    "changepoint_flag",
    "obs_gap_days",
    "is_aria",
    "is_opera"
  ]
}