{
  "threshold_tuned_on_val": 0.5750000000000001,
  "train": {
    "tp": 183,
    "fp": 959,
    "fn": 5,
    "tn": 1976,
    "precision": 0.16024518388777562,
    "recall": 0.9734042553139713,
    "f1": 0.275187969681653
  },
  "val": {
    "tp": 41,
    "fp": 254,
    "fn": 0,
    "tn": 306,
    "precision": 0.1389830508469865,
    "recall": 0.9999999999756098,
    "f1": 0.24404761883189838
  },
  "test": {
    "tp": 52,
    "fp": 574,
    "fn": 1,
    "tn": 658,
    "precision": 0.0830670926516245,
    "recall": 0.9811320754531863,
    "f1": 0.1531664210632807
  },
  "test_false_alarms_per_year": 24.227272727272727,
  "test_lead_time": {
    "median_lead_days": 334.0368287037037,
    "mean_lead_days": 334.0368287037037,
    "events_with_alert": 2
  },
  "test_calibration": [
    {
      "bin": "(0.2, 0.4]",
      "n": 11,
      "mean_pred": 0.3064100797108043,
      "mean_obs": 0.0
    },
    {
      "bin": "(0.4, 0.6]",
      "n": 886,
      "mean_pred": 0.5488593008119256,
      "mean_obs": 0.02144469525959368
    },
    {
      "bin": "(0.6, 0.8]",
      "n": 383,
      "mean_pred": 0.6184256460667117,
      "mean_obs": 0.0835509138381201
    },
    {
      "bin": "(0.8, 1.0]",
      "n": 5,
      "mean_pred": 0.8747159434917281,
      "mean_obs": 0.4
    }
  ]
}