{
  "selection_mode": "event_cv",
  "selection_rule": "best_selector_f1_under_far_constraint",
  "max_false_alarms_per_year": 3.0,
  "chosen_policy": {
    "threshold": 0.3,
    "consecutive": 1,
    "min_persistence_days": 0,
    "cooldown_days": 0
  },
  "selector_metrics": {
    "tp": 229,
    "fp": 1,
    "fn": 0,
    "tn": 3494,
    "precision": 0.9956521739087146,
    "recall": 0.9999999999956333,
    "f1": 0.9978213502581817,
    "false_alarms_per_year": 0.014878397711015736,
    "events_with_alert": 5,
    "median_lead_days": 57.25
  },
  "test_metrics": {
    "tp": 52,
    "fp": 1,
    "fn": 1,
    "tn": 1231,
    "precision": 0.9811320754531863,
    "recall": 0.9811320754531863,
    "f1": 0.9811320749531862,
    "false_alarms_per_year": 0.04220779220779221,
    "events_with_alert": 2,
    "median_lead_days": 58.0
  },
  "sweep_rows": 2480
}