{
  "threshold_tuned_on_val": 0.5,
  "train": {
    "tp": 4,
    "fp": 1788,
    "fn": 0,
    "tn": 1331,
    "precision": 0.0022321428571416115,
    "recall": 0.99999999975,
    "f1": 0.004454342979960416
  },
  "val": {
    "tp": 1,
    "fp": 324,
    "fn": 0,
    "tn": 276,
    "precision": 0.0030769230769136097,
    "recall": 0.9999999989999999,
    "f1": 0.006134969318999586
  },
  "test": {
    "tp": 2,
    "fp": 720,
    "fn": 0,
    "tn": 563,
    "precision": 0.002770083102489238,
    "recall": 0.9999999995,
    "f1": 0.005524861872928176
  },
  "test_false_alarms_per_year": 29.181605611847232,
  "test_lead_time": {
    "median_lead_days": 352.03678819444445,
    "mean_lead_days": 352.03678819444445,
    "events_with_alert": 2
  },
  "test_calibration": [
    {
      "bin": "(0.4, 0.6]",
      "n": 1285,
      "mean_pred": 0.5002938319602904,
      "mean_obs": 0.0015564202334630351
    }
  ]
}