{
  "threshold_tuned_on_val": 0.5,
  "train": {
    "tp": 3,
    "fp": 1577,
    "fn": 0,
    "tn": 1543,
    "precision": 0.001898734177213988,
    "recall": 0.9999999996666666,
    "f1": 0.003790271632346045
  },
  "val": {
    "tp": 1,
    "fp": 335,
    "fn": 0,
    "tn": 265,
    "precision": 0.0029761904761816185,
    "recall": 0.9999999989999999,
    "f1": 0.005934718094937879
  },
  "test": {
    "tp": 2,
    "fp": 689,
    "fn": 0,
    "tn": 594,
    "precision": 0.0028943560057845233,
    "recall": 0.9999999995,
    "f1": 0.005772005766233765
  },
  "test_false_alarms_per_year": 27.925175370226032,
  "test_lead_time": {
    "median_lead_days": 340.03668981481485,
    "mean_lead_days": 340.03668981481485,
    "events_with_alert": 2
  },
  "test_calibration": [
    {
      "bin": "(0.4, 0.6]",
      "n": 1285,
      "mean_pred": 0.500268206181897,
      "mean_obs": 0.0015564202334630351
    }
  ]
}